Month,Total_Inflows,Active_Accounts,ACHoutPerActive,ACHoutShare,ACHoutQuantity,ACHoutAmount,ACHoutRate,RTPoutPerActive,RTPoutShare,RTPoutQuantity,RTPoutAmount,RTPoutRate,WireOutPerActive,WireOutShare,WireOutQuantity,WireOutAmount,WireOutRate,DebitCardTransactionsPerActive,DebitCardTransactionShare,DebitCardTransactionsQuantity,DebitCardTransactionAmount,DebitCardTransactionRate,PQ_Total_Inflows,PQ_Active_Accounts,PQ_ACHoutPerActive,PQ_ACHoutShare,PQ_ACHoutQuantity,PQ_ACHoutAmount,PQ_ACHoutRate,PQ_RTPoutPerActive,PQ_RTPoutShare,PQ_RTPoutQuantity,PQ_RTPoutAmount,PQ_RTPoutRate,PQ_WireOutPerActive,PQ_WireOutShare,PQ_WireOutQuantity,PQ_WireOutAmount,PQ_WireOutRate,PQ_DebitPerActive,PQ_DebitShare,PQ_DebitQuantity,PQ_DebitAmount,PQ_DebitRate,Delta_ACH_Amt,Delta_RTP_Amt,Delta_Wire_Amt,Delta_Debit_Amt,Delta_Wire_Share,Delta_Wire_Qty,Delta_ACH_Share,Delta_RTP_Share,Delta_Debit_Share,Delta_Debit_Qty,Delta_Wire_Rate
1,1650500,1000,0.98,0.4029082,980,665000,678.5714286,0.42,0.1726749,420,285000,678.5714286,0.001,0.000151469,1,250,250,4,0.856836844,4000,600000,150,1650500,1000,0.98,0.4029082,980,665000,678.5714286,0.42,0.1726749,420,285000,678.5714286,0.001,0.000151469,1,250,250,4,0.856836844,4000,600000,150,0,0,0,0,0,0,0,0,0,0,0
2,5547300,2800,0.98,0.4027678,2744,2234274,814.2397959,0.42,0.1726148,1176,957546,814.2397959,0.00107,0.000155045,3,860,286.6666667,4.4,0.85614221,12320,2015890,163.6274351,5547300,2800,0.98,0.40276784,2744,2234274,814.2397959,0.42,0.17261476,1176,957546,814.2397959,0.00107,0.000155045,3,860,286.6666667,4.4,0.85614221,12320,2015890,163.6274351,0,0,0,0,-2E-10,0,-4E-08,4E-08,-2E-10,0,3.3333E-08
3,10635840,4600,0.98,0.4026274,4508,4282281,949.9292369,0.42,0.1725547,1932,1835264,949.9296066,0.00114,0.000158621,5,1687,337.4,4.8,0.855447576,22080,3863721,174.9873641,10635840,4600,0.98,0.40262748,4508,4282281,949.9292369,0.42,0.17255462,1932,1835263,949.929089,0.00114,0.000158621,5,1687,337.4,4.8,0.855447576,22080,3863722,174.9874094,0,1,0,-1,-4E-10,0,-8E-08,8E-08,-4E-10,0,0
4,16918540,6400,0.98,0.402487,6272,6809492,1085.697066,0.42,0.1724946,2688,2918357,1085.698289,0.00121,0.000162197,8,2744,343,5.2,0.854752942,33280,6143919,184.6129507,16918540,6400,0.98,0.40248712,6272,6809494,1085.697385,0.42,0.17249448,2688,2918355,1085.697545,0.00121,0.000162198,8,2744,343,5.2,0.854752943,33280,6143919,184.6129507,-2,2,0,0,-6E-10,0,-1.2E-07,1.2E-07,-6E-10,0,0
5,24395040,8200,0.98,0.4023466,8036,9815261,1221.411274,0.42,0.1724345,3444,4206547,1221.413182,0.00128,0.000165773,10,4044,404.4,5.6,0.854058308,45920,8855891,192.8547692,24395040,8200,0.98,0.40234676,8036,9815265,1221.411772,0.42,0.17243434,3444,4206543,1221.412021,0.00128,0.000165774,10,4044,404.4,5.6,0.854058309,45920,8855891,192.8547692,-4,4,0,0,-8E-10,0,-1.6E-07,1.6E-07,-8E-10,0,0
6,33067600,10000,0.98,0.4022064,9800,13300000,1357.142857,0.42,0.1723742,4200,5700000,1357.142857,0.00135,0.00016935,14,5600,400,6,0.853363675,60000,12000000,200,33067600,10000,0.98,0.4022064,9800,13300000,1357.142857,0.42,0.1723742,4200,5700001,1357.143095,0.00135,0.00016935,14,5600,400,6,0.853363675,60000,11999999,199.9999833,0,-1,0,1,0,0,0,0,0,0,0
7,58924588,16666,1.1433333,0.4022461,19055,23702186,1243.88276,0.49,0.1723912,8166,10158080,1243.948077,0.0013472,0.00016935,22,9979,453.5909091,7,0.853363675,116662,21380466,183.2684679,58924587.5,16666,1.143333333,0.40224615,19054,23702188,1243.948147,0.49,0.172391233,8166,10158082,1243.948322,0.001347222,0.000172926,22,10190,463.1818182,7,0.853580147,116662,21385706,183.313384,-2,-2,-211,-5240,-3.5762E-06,0,-5E-08,-3.33333E-08,-0.000216472,0,-9.590909082
8,85698742,23333,1.3066666,0.4022858,30488,34475387,1130.785457,0.56,0.1724082,13066,14775166,1130.810194,0.0013444,0.00016935,31,14513,468.1612903,8,0.853363675,186664,31091176,166.5622509,85698741.67,23333,1.306666667,0.4022859,30488,34475395,1130.785719,0.56,0.172408267,13066,14775172,1130.810654,0.001344444,0.000176502,31,15126,487.9354839,8,0.853796618,186664,31106414,166.6438842,-8,-6,-613,-15238,-7.1524E-06,0,-1E-07,-6.66667E-08,-0.000432943,0,-19.77419357
9,111551400,30000,1.4699999,0.4023255,44100,44879973,1017.686463,0.63,0.1724252,18900,19234272,1017.686349,0.0013416,0.00016935,40,18891,472.275,9,0.853363675,270000,40465024,149.8704593,111551400,30000,1.47,0.40232565,44100,44879990,1017.686848,0.63,0.1724253,18900,19234284,1017.686984,0.001341667,0.000180079,40,20088,502.2,9,0.85401309,270000,40494771,149.9806333,-17,-12,-1197,-29747,-1.07286E-05,0,-1.5E-07,-1E-07,-0.000649415,0,-29.925
10,134645533,36666,1.6333332,0.4023652,59888,54176677,904.6332654,0.7,0.1724422,25666,23218572,904.6431855,0.0013388,0.00016935,49,22802,465.3469388,10,0.853363675,366660,48835854,133.1911144,134645533.3,36666,1.633333333,0.4023654,59887,54176704,904.6488219,0.7,0.172442333,25666,23218590,904.6438869,0.001338889,0.000183655,49,24728,504.6530612,10,0.854229561,366660,48883723,133.3216686,-27,-18,-1926,-47869,-1.43048E-05,0,-2E-07,-1.33333E-07,-0.000865886,0,-39.30612242
11,153153138,43333,1.7966665,0.4024049,77855,61629573,791.5942842,0.77,0.1724592,33366,26412668,791.6042678,0.001336,0.00016935,58,25936,447.1724138,11,0.853363675,476663,55541142,116.5207746,153153137.5,43333,1.796666667,0.40240515,77854,61629611,791.60494,0.77,0.172459367,33366,26412693,791.6050171,0.001336111,0.000187231,58,28675,494.3965517,11,0.854446033,476663,55609192,116.663538,-38,-25,-2739,-68050,-0.000017881,0,-2.5E-07,-1.66667E-07,-0.001082357,0,-47.22413792
12,165240000,50000,1.96,0.4024449,98000,66500000,678.5714286,0.84,0.1724764,42000,28500000,678.5714286,0.0013333,0.000223009,67,36850,550,12,0.854662504,600000,60000000,100,165240000,50000,1.96,0.4024449,98000,66499995,678.5713776,0.84,0.1724764,42000,28500000,678.5714286,0.001333333,0.000223009,67,36850,550,12,0.854662504,600000,60000004,100.0000067,5,0,0,-4,0,0,0,0,0,0,0
13,184515833,55833,1.96,0.4024476,109433,74257954,678.5700292,0.84,0.1724776,46900,31824848,678.5681876,0.0013333,0.000224599,74,41442,560.027027,12.6666667,0.85467923,707218,66999663,94.73693119,184515833.3,55833,1.96,0.402447608,109432,74257956,678.5762483,0.84,0.172477558,46899,31824840,678.5824858,0.001333333,0.000194383,74,35867,484.6891892,12.66666667,0.854679231,707218,67004433,94.74367592,-2,8,5575,-4770,3.02156E-05,0,-8.33333E-09,4.16667E-08,-5E-10,0,75.33783781
14,203792200,61666,1.96,0.4024503,120865,82016232,678.5771894,0.84,0.1724788,51799,35149834,678.581324,0.0013333,0.000226189,82,46096,562.1463415,13.3333334,0.854695956,822213,73999608,90.00053271,203792200,61666,1.96,0.402450317,120865,82016235,678.5772142,0.84,0.172478717,51799,35149817,678.5809958,0.001333333,0.00019796,82,40343,491.9878049,13.33333333,0.854695957,822213,74004537,90.00652751,-3,17,5753,-4929,2.82294E-05,0,-1.66667E-08,8.33333E-08,-1E-09,0,70.15853662
15,223070850,67500,1.96,0.402453,132300,89775533,678.5754573,0.84,0.17248,56700,38475260,678.5760141,0.0013333,0.000227779,90,50811,564.5666667,14.0000001,0.854712682,945000,81000476,85.71478942,223070850,67500,1.96,0.402453025,132300,89775538,678.5754951,0.84,0.172479875,56700,38475232,678.5755203,0.001333333,0.000201536,90,44957,499.5222222,14,0.854712684,945000,81005500,85.72010582,-5,28,5854,-5024,2.62432E-05,0,-2.5E-08,1.25E-07,-1.5E-09,0,65.04444448
16,242346700,73333,1.96,0.4024557,143733,97533811,678.5763255,0.84,0.1724812,61600,41800250,678.575487,0.0013333,0.000229369,98,55587,567.2142857,14.6666668,0.854729408,1075551,88000420,81.81891886,242346700,73333,1.96,0.402455733,143732,97533819,678.5811023,0.84,0.172481033,61599,41800209,678.5858374,0.001333333,0.000205112,98,49708,507.2244898,14.66666667,0.85472941,1075550,88005473,81.82369299,-8,41,5879,-5053,0.000024257,0,-3.33333E-08,1.66667E-07,-2E-09,1,59.9897959
17,261621467,79166,1.96,0.4024584,155165,105291757,678.5792995,0.84,0.1724824,66499,45125099,678.5831216,0.0013333,0.000230959,106,60424,570.0377358,15.3333335,0.854746134,1213879,95000064,78.26155984,261621466.7,79166,1.96,0.402458442,155165,105291768,678.5793703,0.84,0.172482192,66499,45125044,678.5822945,0.001333333,0.000208688,106,54597,515.0660377,15.33333333,0.854746137,1213878,95005082,78.26575817,-11,55,5827,-5018,2.22708E-05,0,-4.16667E-08,2.08333E-07,-2.5E-09,1,54.97169806
18,280898400,85000,1.96,0.4024611,166600,113050679,678.5755042,0.84,0.1724836,71400,48450367,678.5765686,0.0013333,0.000232549,113,65323,578.079646,16.0000002,0.85476286,1360000,102000588,75.00043235,280898400,85000,1.96,0.40246115,166600,113050693,678.5755882,0.84,0.17248335,71400,48450297,678.5755882,0.001333333,0.000212264,113,59625,527.6548673,16,0.854762863,1360000,102005507,75.00404926,-14,70,5698,-4919,2.02846E-05,0,-5E-08,2.5E-07,-3E-09,0,50.42477874
19,300172467,90833,1.96,0.4024638,178033,120808552,678.5739273,0.84,0.1724848,76300,51775188,678.5738925,0.0013333,0.000234139,121,70282,580.8429752,16.6666669,0.854779586,1513883,109000164,72.00038841,300172466.7,90833,1.96,0.402463858,178032,120808569,678.5778343,0.84,0.172484508,76299,51775100,678.5816328,0.001333333,0.000215841,121,64789,535.446281,16.66666667,0.85477959,1513883,109004920,72.00353,-17,88,5493,-4756,1.82984E-05,0,-5.83333E-08,2.91667E-07,-3.5E-09,0,45.39669421
20,319446967,96666,1.96,0.4024665,189465,128566703,678.5775895,0.84,0.172486,81199,55100130,678.5813865,0.0013333,0.000235729,129,75303,583.744186,17.3333336,0.854796312,1675544,115999989,69.23124012,319446966.7,96666,1.96,0.402466567,189465,128566724,678.5777004,0.84,0.172485667,81199,55100023,678.5800687,0.001333333,0.000219417,129,70092,543.3488372,17.33333333,0.854796316,1675544,116004517,69.23394253,-21,107,5211,-4528,1.63122E-05,0,-6.66667E-08,3.33333E-07,-4E-09,0,40.39534879
21,338723550,102500,1.96,0.4024692,200900,136325796,678.5753907,0.84,0.1724872,86100,58425477,678.5769686,0.0013333,0.000237319,137,80386,586.7591241,18.0000003,0.854813038,1845000,123000664,66.66702656,338723550,102500,1.96,0.402469275,200900,136325822,678.5755202,0.84,0.172486825,86100,58425350,678.5754936,0.001333333,0.000222993,137,75533,551.3357664,18,0.854813043,1845000,123004900,66.66932249,-26,127,4853,-4236,0.000014326,0,-7.5E-08,3.75E-07,-4.5E-09,0,35.42335768
22,357997233,108333,1.96,0.4024719,212333,144083827,678.5748188,0.84,0.1724884,91000,61750370,678.5754945,0.0013333,0.000238909,144,85529,593.9513889,18.666667,0.854829764,2022216,130000379,64.28609951,357997233.3,108333,1.96,0.402471983,212332,144083857,678.5781559,0.84,0.172487983,90999,61750221,678.5813141,0.001333333,0.000226569,144,81111,563.2708333,18.66666667,0.854829769,2022216,130004259,64.28801819,-30,149,4418,-3880,1.23398E-05,0,-8.33333E-08,4.16667E-07,-5E-09,0,30.68055557
23,377269633,114166,1.96,0.4024746,223765,151841445,678.5754921,0.84,0.1724896,95899,65075088,678.5794221,0.0013333,0.000240499,152,90733,596.9276316,19.3333337,0.85484649,2207209,136999722,62.06921139,377269633.3,114166,1.96,0.402474692,223765,151841479,678.5756441,0.84,0.172489142,95899,65074915,678.5776181,0.001333333,0.000230145,152,86827,571.2302632,19.33333333,0.854846496,2207209,137003181,62.07077853,-34,173,3906,-3459,1.03536E-05,0,-9.16667E-08,4.58333E-07,-5.5E-09,0,25.69736844
24,396544000,120000,1.96,0.4024774,235200,159600000,678.5714286,0.84,0.1724903,100800,68400000,678.5714286,0.0013333,0.000242092,160,96000,600,20,0.854863222,2400000,144000000,60,396544000,120000,1.96,0.4024774,235200,159599998,678.5714201,0.84,0.1724903,100800,68399994,678.571369,0.001333333,0.000242092,160,96000,600,20,0.854863222,2400000,144000007,60.00000292,2,6,0,-7,0,0,0,0,0,0,0
25,418569000,126666,1.96,0.4024803,248265,168465777,678.5724005,0.84,0.1724915,106399,72199595,678.5739998,0.0013333,0.000242119,169,101344,599.6686391,20.1666667,0.854877655,2554431,151999200,59.50413223,418569000,126666,1.96,0.402480275,248265,168465766,678.5723562,0.84,0.172491533,106399,72199609,678.5741313,0.001333333,0.000237298,169,99326,587.7278107,20.16666667,0.854877655,2554431,152000922,59.50480635,11,-14,2018,-1722,4.8212E-06,0,2.5E-08,-3.33333E-08,3.33333E-10,0,11.94082845
26,440597300,133333,1.96,0.4024832,261333,177333011,678.5710607,0.84,0.1724927,112000,75999818,678.5698036,0.0013333,0.000242146,178,106689,599.3764045,20.3333334,0.854892088,2711104,159999707,59.01644017,440597300,133333,1.96,0.40248315,261332,177332989,678.5735731,0.84,0.172492767,111999,75999847,678.5761212,0.001333333,0.000240874,178,106128,596.2247191,20.33333333,0.854892087,2711104,160000181,59.016615,22,-29,561,-474,0.000001272,0,5E-08,-6.66667E-08,6.66667E-10,0,3.151685399
27,462625600,140000,1.96,0.4024861,274400,186200374,678.5727915,0.84,0.1724939,117600,79800094,678.5722279,0.0013333,0.000242173,187,112035,599.1176471,20.5000001,0.854906521,2870000,168000328,58.53669965,462625600,140000,1.96,0.402486025,274400,186200339,678.572664,0.84,0.172494,117600,79800140,678.572619,0.001333333,0.00024445,187,113089,604.7540107,20.5,0.85490652,2870000,167999417,58.53638223,35,-46,-1054,911,-2.2772E-06,0,7.5E-08,-1E-07,1E-09,0,-5.636363595
28,484648900,146666,1.96,0.402489,287465,195065851,678.5725254,0.84,0.1724951,123199,83599560,678.573365,0.0013333,0.0002422,196,117382,598.8877551,20.6666668,0.854920954,3031097,175999249,58.06453868,484648900,146666,1.96,0.4024889,287465,195065803,678.5723584,0.84,0.172495233,123199,83599625,678.5738926,0.001333333,0.000248026,196,120206,613.2959184,20.66666667,0.854920953,3031097,175996819,58.06373699,48,-65,-2824,2430,-5.8264E-06,0,1E-07,-1.33333E-07,1.33333E-09,0,-14.40816327
29,506675500,153333,1.96,0.4024919,300533,203932785,678.5703567,0.84,0.1724963,128800,87399649,678.5687034,0.0013333,0.000242227,204,122730,601.6176471,20.8333335,0.854935387,3194438,183999481,57.59995373,506675500,153333,1.96,0.402491775,300532,203932721,678.5724016,0.84,0.172496467,128799,87399733,678.574624,0.001333333,0.000251603,204,127481,624.9068627,20.83333333,0.854935385,3194437,183995402,57.59869486,64,-84,-4751,4079,-9.3756E-06,0,1.25E-07,-1.66667E-07,1.66667E-09,1,-23.28921565
30,528702100,160000,1.96,0.4024948,313600,212799846,678.5709375,0.84,0.1724975,134400,91199790,678.5698661,0.0013333,0.000242254,213,128080,601.314554,21.0000002,0.85494982,3360000,191999829,57.14280625,528702100,160000,1.96,0.40249465,313600,212799767,678.5706856,0.84,0.1724977,134400,91199896,678.5706548,0.001333333,0.000255179,213,134914,633.399061,21,0.854949818,3360000,191993963,57.14106042,79,-106,-6834,5866,-1.29248E-05,0,1.5E-07,-2E-07,2E-09,0,-32.08450703
31,550725400,166666,1.96,0.4024977,326665,221665707,678.5719529,0.84,0.1724987,139999,94999416,678.5721041,0.0013333,0.000242281,222,133430,601.036036,21.1666669,0.854964253,3527764,199999092,56.69287741,550725400,166666,1.96,0.402497525,326665,221665610,678.571656,0.84,0.172498933,139999,94999544,678.5730184,0.001333333,0.000258755,222,142503,641.9054054,21.16666667,0.854964251,3527763,199991308,56.69068699,97,-128,-9073,7784,-0.000016474,0,1.75E-07,-2.33333E-07,2.33333E-09,1,-40.86936941
32,572752000,173333,1.96,0.4025006,339733,230533024,678.5711838,0.84,0.1724999,145600,98799663,678.569114,0.0013333,0.000242308,231,138782,600.7878788,21.3333336,0.854978686,3697771,207999669,56.25001359,572752000,173333,1.96,0.4025004,339732,230532909,678.5728427,0.84,0.172500167,145599,98799815,678.5748185,0.001333333,0.000262331,231,150251,650.4372294,21.33333333,0.854978683,3697770,207989831,56.24736828,115,-152,-11469,9838,-2.00232E-05,0,2E-07,-2.66667E-07,2.66667E-09,1,-49.64935064
33,594778600,180000,1.96,0.4025035,352800,239400468,678.5727551,0.84,0.1725011,151200,102599963,678.5711839,0.0013333,0.000242335,240,144136,600.5666667,21.5000003,0.854993119,3870000,216000360,55.81404651,594778600,180000,1.96,0.402503275,352800,239400334,678.5723753,0.84,0.1725014,151200,102600141,678.5723611,0.001333333,0.000265907,240,158156,658.9833333,21.5,0.854993116,3870000,215988334,55.81093902,134,-178,-14020,12026,-2.35724E-05,0,2.25E-07,-3E-07,3E-09,0,-58.41666663
34,616800200,186666,1.96,0.4025064,365865,248266028,678.5727741,0.84,0.1725023,156799,106399453,678.5722677,0.0013333,0.000242362,249,149489,600.3574297,21.666667,0.855007552,4044430,223999350,55.38465247,616800200,186666,1.96,0.40250615,365865,248265874,678.5723532,0.84,0.172502633,156799,106399659,678.5735815,0.001333333,0.000269484,249,166218,667.5421687,21.66666667,0.855007549,4044430,223985001,55.38110463,154,-206,-16729,14349,-2.71216E-05,0,2.5E-07,-3.33333E-07,3.33333E-09,0,-67.18473897
35,638825100,193333,1.96,0.4025093,378933,257133044,678.5712619,0.84,0.1725035,162400,110199566,678.5687562,0.0013333,0.000242389,258,154844,600.1705426,21.8333337,0.855021985,4221104,231999653,54.96184245,638825100,193333,1.96,0.402509025,378932,257132868,678.5725882,0.84,0.172503867,162399,110199800,678.5743755,0.001333333,0.00027306,258,174437,676.1124031,21.83333333,0.855021981,4221103,231982850,54.95787475,176,-234,-19593,16803,-3.06708E-05,0,2.75E-07,-3.66667E-07,3.66667E-09,1,-75.9418605
36,660850000,200000,1.96,0.4025119,392000,266000000,678.5714286,0.84,0.1725051,168000,114000000,678.5714286,0.0013333,0.000242415,267,160200,600,22,0.855036414,4400000,240000000,54.54545455,660850000,200000,1.96,0.4025119,392000,265999989,678.5714005,0.84,0.1725051,168000,113999995,678.5713988,0.001333333,0.000242415,267,160200,600,22,0.855036414,4400000,240000014,54.54545773,11,5,0,-14,0,0,0,0,0,0,0
37,667458500,202000,1.96,0.4025119,395920,268659989,678.5714008,0.84,0.1725051,169680,115139995,678.5713991,0.0013333,0.000242415,269,161802,601.4944238,22,0.855036414,4444000,242400014,54.5454577,667458500,202000,1.96,0.4025119,395920,268659989,678.5714008,0.84,0.1725051,169680,115139995,678.5713991,0.001333333,0.000280212,269,187030,695.2788104,22,0.855036414,4444000,242378443,54.54060374,0,0,-25228,21571,-3.77972E-05,0,0,0,0,0,-93.78438661
38,674133000,204020,1.96,0.4025119,399879,271346555,678.5716554,0.84,0.1725051,171377,116291381,678.5705258,0.0013333,0.000242415,272,163420,600.8088235,22,0.855036414,4488440,244823982,54.54545054,674133000,204020,1.96,0.4025119,399879,271346555,678.5716554,0.84,0.1725051,171376,116291381,678.5744853,0.001333333,0.000283788,272,191311,703.3492647,22,0.855036414,4488440,244800134,54.54013733,0,0,-27891,23848,-4.13734E-05,0,0,0,0,0,-102.5404412
39,680873500,206060,1.96,0.4025119,403878,274059686,678.5704743,0.84,0.1725051,173090,117454151,678.5727136,0.0013333,0.000242415,275,165054,600.1963636,22,0.855036414,4533320,247271921,54.54543712,680873500,206060,1.96,0.4025119,403877,274059686,678.5721544,0.84,0.1725051,173090,117454151,678.5727136,0.001333333,0.000287365,275,195659,711.4872727,22,0.855036414,4533320,247245753,54.53966475,0,0,-30605,26168,-4.49496E-05,0,0,0,0,0,-111.2909091
40,687680000,208120,1.96,0.4025119,407915,276799383,678.5712293,0.84,0.1725051,174821,118628307,678.5701203,0.0013333,0.000242415,277,166704,601.8194946,22,0.855036414,4578640,249743829,54.5454172,687680000,208120,1.96,0.4025119,407915,276799383,678.5712293,0.84,0.1725051,174820,118628307,678.5740018,0.001333333,0.000290941,277,200074,722.2888087,22,0.855036414,4578640,249715297,54.53918565,0,0,-33370,28532,-4.85258E-05,0,0,0,0,0,-120.4693141
41,694557500,210201,1.96,0.4025119,411994,279567659,678.5721612,0.84,0.1725051,176569,119814711,678.5716122,0.0013333,0.000242415,280,168371,601.325,22,0.855036414,4624422,252241521,54.54552396,694557500,210201,1.96,0.4025119,411993,279567659,678.5738083,0.84,0.1725051,176568,119814711,678.5754553,0.001333333,0.000294517,280,204559,730.5678571,22,0.855036414,4624422,252210579,54.53883296,0,0,-36188,30942,-0.000052102,0,0,0,0,0,-129.2428571
42,701502600,212303,1.96,0.4025119,416114,282363144,678.571603,0.84,0.1725051,178335,121012776,678.5699722,0.0013333,0.000242415,283,170055,600.9010601,22,0.855036414,4670666,254763764,54.54548966,701502600,212303,1.96,0.4025119,416113,282363144,678.5732337,0.84,0.1725051,178334,121012776,678.5737773,0.001333333,0.000298093,283,209113,738.9151943,22,0.855036414,4670666,254730368,54.5383395,0,0,-39058,33396,-5.56782E-05,0,0,0,0,0,-138.0141342
43,708517000,214426,1.96,0.4025119,420275,285186524,678.5712307,0.84,0.1725051,180118,122222796,678.5706925,0.0013333,0.000242415,286,171755,600.541958,22,0.855036414,4717372,257311174,54.54544903,708517000,214426,1.96,0.4025119,420274,285186524,678.5728453,0.84,0.1725051,180117,122222796,678.5744599,0.001333333,0.000301669,286,213738,747.3356643,22,0.855036414,4717372,257275277,54.5378395,0,0,-41983,35897,-5.92544E-05,0,0,0,0,0,-146.7937063
44,715600700,216570,1.96,0.4025119,424477,288037797,678.5710345,0.84,0.1725051,181919,123444770,678.569968,0.0013333,0.000242415,289,173472,600.2491349,22,0.855036414,4764540,259883753,54.5454027,715600700,216570,1.96,0.4025119,424477,288037797,678.5710345,0.84,0.1725051,181918,123444770,678.573698,0.001333333,0.000305246,289,218434,755.8269896,22,0.855036414,4764540,259845309,54.53733393,0,0,-44962,38444,-6.28306E-05,0,0,0,0,0,-155.5778547
45,722755400,218735,1.96,0.4025119,428721,290917649,678.5710264,0.84,0.1725051,183737,124678993,678.5731399,0.0013333,0.000242415,292,175207,600.0239726,22,0.855036414,4812170,262482115,54.54547844,722755400,218735,1.96,0.4025119,428720,290917649,678.5726092,0.84,0.1725051,183737,124678993,678.5731399,0.001333333,0.000308822,292,223203,764.3938356,22,0.855036414,4812170,262441076,54.53695027,0,0,-47996,41039,-6.64068E-05,0,0,0,0,0,-164.369863
46,729981000,220922,1.96,0.4025119,433007,293826039,678.5711062,0.84,0.1725051,185574,125925445,678.5726718,0.0013333,0.000242415,295,176958,599.8576271,22,0.855036414,4860284,265106227,54.54541895,729981000,220922,1.96,0.4025119,433007,293826039,678.5711062,0.84,0.1725051,185574,125925445,678.5726718,0.001333333,0.000312398,295,228045,773.0338983,22,0.855036414,4860284,265062546,54.53643162,0,0,-51087,43681,-0.000069983,0,0,0,0,0,-173.1762712
47,737280900,223131,1.96,0.4025119,437337,296764336,678.5712986,0.84,0.1725051,187430,127184715,678.5718135,0.0013333,0.000242415,298,178728,599.7583893,22,0.855036414,4908882,267757322,54.5454794,737280900,223131,1.96,0.4025119,437336,296764336,678.5728502,0.84,0.1725051,187430,127184715,678.5718135,0.001333333,0.000315974,298,232962,781.7516779,22,0.855036414,4908882,267710950,54.53603285,0,0,-54234,46372,-7.35592E-05,0,0,0,0,0,-181.9932886
48,744651700,225362,1.96,0.4025119,441710,299731171,678.5700369,0.84,0.1725051,189304,128456216,678.5710603,0.0013333,0.000242415,300,180515,601.7166667,22,0.855036414,4957964,270434164,54.54540695,744651700,225362,1.96,0.4025119,441709,299731171,678.5715731,0.84,0.1725051,189304,128456216,678.5710603,0.001333333,0.00031955,300,237954,793.18,22,0.855036414,4957964,270385052,54.53550127,0,0,-57439,49112,-7.71354E-05,0,0,0,0,0,-191.4633333
49,752096800,227615,1.96,0.4025119,446125,302727912,678.5719518,0.84,0.1725051,191197,129740534,678.5699253,0.0013333,0.000242415,303,182320,601.7161716,22,0.855036414,5007530,273137991,54.54545275,752096800,227615,1.96,0.4025119,446125,302727912,678.5719518,0.84,0.1725051,191196,129740534,678.5734743,0.001333333,0.000323127,303,243022,802.0528053,22,0.855036414,5007530,273086089,54.53508796,0,0,-60702,51902,-8.07116E-05,0,0,0,0,0,-200.3366337
50,759617800,229891,1.96,0.4025119,450586,305755204,678.5723569,0.84,0.1725051,193108,131037945,678.5733631,0.0013333,0.000242415,307,184143,599.8143322,22,0.855036414,5057602,275869383,54.54549073,759617800,229891,1.96,0.4025119,450586,305755204,678.5723569,0.84,0.1725051,193108,131037945,678.5733631,0.001333333,0.000326703,307,248169,808.3680782,22,0.855036414,5057602,275814638,54.53466643,0,0,-64026,54745,-8.42878E-05,0,0,0,0,0,-208.553746
51,767209700,232189,1.96,0.4025119,455090,308811034,678.5713463,0.84,0.1725051,195039,132347586,678.5698553,0.0013333,0.000242415,310,185983,599.9451613,22,0.855036414,5108158,278626524,54.54540051,767209700,232189,1.96,0.4025119,455090,308811034,678.5713463,0.84,0.1725051,195038,132347586,678.5733344,0.001333333,0.000330279,310,253393,817.3967742,22,0.855036414,5108158,278568886,54.53411699,0,0,-67410,57638,-0.000087864,0,0,0,0,0,-217.4516129
52,774879200,234510,1.96,0.4025119,459640,311898099,678.5704007,0.84,0.1725051,196988,133670614,678.5723699,0.0013333,0.000242415,313,187842,600.1341853,22,0.855036414,5159220,281411846,54.5454247,774879200,234510,1.96,0.4025119,459639,311898099,678.5718771,0.84,0.1725051,196988,133670614,678.5723699,0.001333333,0.000333855,313,258697,826.5079872,22,0.855036414,5159220,281351263,54.53368203,0,0,-70855,60583,-9.14402E-05,0,0,0,0,0,-226.3738019
53,782627900,236855,1.96,0.4025119,464236,315017043,678.5709057,0.84,0.1725051,198958,135007304,678.5718795,0.0013333,0.000242415,316,189721,600.3829114,22,0.855036414,5210810,284225931,54.5454413,782627900,236855,1.96,0.4025119,464235,315017043,678.5723674,0.84,0.1725051,198958,135007304,678.5718795,0.001333333,0.000337431,316,264083,835.7056962,22,0.855036414,5210810,284162349,54.53323936,0,0,-74362,63582,-9.50164E-05,0,0,0,0,0,-235.3227848
54,790452500,239223,1.96,0.4025119,468877,318166538,678.5714334,0.84,0.1725051,200947,136357088,678.5723997,0.0013333,0.000242415,319,191618,600.6833856,22,0.855036414,5262906,287067579,54.54545056,790452500,239223,1.96,0.4025119,468877,318166538,678.5714334,0.84,0.1725051,200947,136357088,678.5723997,0.001333333,0.000341008,319,269550,844.984326,22,0.855036414,5262906,287000945,54.53278949,0,0,-77932,66634,-9.85926E-05,0,0,0,0,0,-244.3009404
55,798356300,241615,1.96,0.4025119,473565,321347911,678.5719194,0.84,0.1725051,202957,137720533,678.5700074,0.0013333,0.000242415,322,193534,601.0372671,22,0.855036414,5315530,289937993,54.54545323,798356300,241615,1.96,0.4025119,473565,321347911,678.5719194,0.84,0.1725051,202956,137720533,678.5733509,0.001333333,0.000344584,322,275101,854.3509317,22,0.855036414,5315530,289868250,54.53233262,0,0,-81567,69743,-0.000102169,0,0,0,0,0,-253.3136646
56,806339300,244031,1.96,0.4025119,478301,324561164,678.5709501,0.84,0.1725051,204986,139097642,678.5714244,0.0013333,0.000242415,325,195469,601.4430769,22,0.855036414,5368682,292837168,54.54544858,806339300,244031,1.96,0.4025119,478300,324561164,678.5723688,0.84,0.1725051,204986,139097642,678.5714244,0.001333333,0.00034816,325,280735,863.8,22,0.855036414,5368682,292764262,54.53186872,0,0,-85266,72906,-0.000105745,0,0,0,0,0,-262.3569231
57,814401500,246471,1.96,0.4025119,483083,327806295,678.5713739,0.84,0.1725051,207036,140488412,678.5699685,0.0013333,0.000242415,329,197423,600.0699088,22,0.855036414,5422362,295765107,54.54543739,814401500,246471,1.96,0.4025119,483083,327806295,678.5713739,0.84,0.1725051,207035,140488412,678.5732461,0.001333333,0.000351736,329,286454,870.6808511,22,0.855036414,5422362,295688983,54.53139849,0,0,-89031,76124,-0.000109321,0,0,0,0,0,-270.6109423
58,822542900,248935,1.96,0.4025119,487913,331083306,678.5703722,0.84,0.1725051,209105,141892845,678.5722245,0.0013333,0.000242415,332,199397,600.5933735,22,0.855036414,5476570,298721808,54.54541949,822542900,248935,1.96,0.4025119,487912,331083306,678.5717629,0.84,0.1725051,209105,141892845,678.5722245,0.001333333,0.000355312,332,292260,880.3012048,22,0.855036414,5476570,298642407,54.53092118,0,0,-92863,79401,-0.000112897,0,0,0,0,0,-279.7078313
59,830768500,251424,1.96,0.4025119,492791,334394207,678.572066,0.84,0.1725051,211196,143311803,678.572525,0.0013333,0.000242415,335,201391,601.1671642,22,0.855036414,5531328,301709089,54.54550679,830768500,251424,1.96,0.4025119,492791,334394207,678.572066,0.84,0.1725051,211196,143311803,678.572525,0.001333333,0.000358889,335,298153,890.0089552,22,0.855036414,5531328,301626354,54.53054926,0,0,-96762,82735,-0.000116474,0,0,0,0,0,-288.841791
60,839074900,253938,1.96,0.4025119,497718,337737632,678.5722678,0.84,0.1725051,213308,144744700,678.5713616,0.0013333,0.000242415,339,203404,600.0117994,22,0.855036414,5586636,304725713,54.54547477,839074900,253938,1.96,0.4025119,497718,337737632,678.5722678,0.84,0.1725051,213307,144744700,678.5745428,0.001333333,0.000362465,339,304135,897.1533923,22,0.855036414,5586636,304639584,54.5300578,0,0,-100731,86129,-0.00012005,0,0,0,0,0,-297.1415929
